smiles,hall,a,b,c,alpha,beta,gamma
CC(=O)OC1=CC=CC=C1C(=O)O,94,11.716839500338573,12.216132293197496,8.314937589086732,88.62003167230539,117.56456874127652,89.58197135463203
CCO,120,13.926501873977395,10.000822896960464,12.725361433758355,82.70799407657178,102.33447465071787,91.71852789147218
C1=CC=CC=C1,14,6.583873496369036,12.5258733831054,7.1231557821086335,82.82099693503203,87.48113869193278,90.9861184917518
C,91,9.072811709095145,13.788017551808785,8.496058587408958,87.53869883195657,105.593887679018,89.3642033282776
O=C=O,429,13.728633617030777,11.592231018676099,11.147546495984455,93.61441930049682,116.86011124224042,94.34171939042704
CC(=O)OC1=CC=CC=C1C(=O)O,502,12.305421110849483,11.161265830180145,6.433348152407715,95.78211671654962,103.98684646044387,80.09293987546684
CCO,427,14.553026955205828,8.747889393150988,9.336607167956139,83.28665119632825,109.04848977710472,89.69465736042183
C1=CC=CC=C1,508,6.424346775028782,14.608730092625494,11.294285347310344,85.87064466915228,81.37205595659279,97.37398995341383
C,322,5.2833801271955085,11.530637214438187,14.110694044373517,83.04996051595889,101.45634956663812,99.56741325446622
O=C=O,329,13.107199941309243,7.577643501457256,10.417095548701527,96.49998748331942,113.12416005601976,84.33536927724967
CC(=O)OC1=CC=CC=C1C(=O)O,194,7.363146629759093,6.61315800190903,14.789351942696607,86.65079100911942,88.1428066889689,99.42462926210304
CCO,263,7.704927492997978,6.112562754231864,11.048747424529498,95.75600348418192,80.30038001727914,94.35602175070692
C1=CC=CC=C1,58,14.671646386238697,10.58945350118591,6.161370636008221,81.77054566866036,86.76695880466264,82.53435291492886
C,32,10.07893561431731,7.407926009560082,8.748609117105351,95.30627296612441,103.12209799958126,93.26090790174649
O=C=O,373,13.134076325045092,9.697905816937677,12.311199042269648,93.64651108823001,80.96214169891007,96.93156398123448
CC(=O)OC1=CC=CC=C1C(=O)O,457,6.0539840259158675,11.306818655066353,9.115109122365078,98.70077564356518,110.0933778091894,86.57263081603692
CCO,329,12.517430161050486,7.601875386198811,6.852470442706836,96.87901807688012,100.77366604380093,83.71779035955143
C1=CC=CC=C1,74,14.94962167945268,12.042446113476657,9.864887547652582,91.39146070856826,104.89763644789824,85.66851158125323
C,209,9.768258009347768,7.083325359789445,8.278506199169339,95.5906082689664,90.6417640933243,81.56596743070307
O=C=O,481,12.197695848442654,13.260214961883976,14.953924566109595,91.64142321140527,80.00019266437303,81.22736877400641
CC(=O)OC1=CC=CC=C1C(=O)O,489,10.364908731555154,14.493331774459797,13.470594216027427,85.92274130264423,111.35775151609438,91.65361055679092
CCO,111,13.83801714680666,5.105595908794614,14.662848623645612,98.76344284349325,82.64630228690828,82.44402435516245
C1=CC=CC=C1,71,6.876913992791488,12.568620567692493,6.708877077027883,96.54864198473106,96.5969190978653,95.6843477217227
C,360,11.664876843201874,13.75791212331052,8.312260717143133,90.74315717585291,96.89593187123926,89.19799514163053
O=C=O,80,11.319092905844778,8.916681762840943,6.7314313625024935,87.45660799206469,93.26798454211279,90.5931300295816
CC(=O)OC1=CC=CC=C1C(=O)O,200,9.112243134662151,10.02133321106871,10.693615915141073,86.38344068972742,114.17032788474954,98.68571439826394
CCO,4,6.383404395035783,13.911049708253518,7.787776796819905,95.52357770774368,117.66069321480632,81.48712210741776
C1=CC=CC=C1,444,8.546169555773153,11.681837315931242,8.87329883730693,90.88290543402692,109.1061717638354,80.7443942009958
C,209,10.524377079610225,8.865439710544297,11.748986800102855,92.83959425506526,85.14825708951267,98.78658294783574
O=C=O,82,7.8276112579051595,5.49402118274391,8.558243617383535,98.58808417103583,96.15372022088226,98.7612086458252
CC(=O)OC1=CC=CC=C1C(=O)O,214,6.795686266488979,12.331276267028876,7.646189140351516,97.46510724589034,83.9139055636272,85.10322038809946
CCO,336,14.726744896837255,12.348357018496559,14.343582541667686,87.28478454228811,80.52556847492087,80.11568755889806
C1=CC=CC=C1,188,12.017033949194259,7.09476302612888,12.330191580437758,96.17253240318034,86.28375814400407,96.08068873570217
C,514,12.549371184005722,9.19056138731616,9.225491792081327,86.79646809796328,80.20836445881366,96.82447062519697
O=C=O,289,14.595302844287811,5.64629004978198,14.267930072530074,90.90225149694209,87.00684052572743,90.29669417077118
CC(=O)OC1=CC=CC=C1C(=O)O,200,12.197150710693846,6.3119228302241375,6.792073684425678,86.43104873764634,105.79438075367514,98.44631416350049
CCO,51,14.478956196662928,9.534232044062668,5.8093492863109075,86.679081618338,80.77394161056463,84.15612683054155
C1=CC=CC=C1,499,11.584763891297001,5.015327648680929,10.523224708720097,82.70114439146718,89.00537629289386,88.46304687355484
C,267,6.926608898988809,11.864220508787671,14.029613524161304,84.82609333732738,83.99499017574617,81.10828386828182
O=C=O,3,11.91397801793172,8.104071077632694,7.679223265466111,91.20595748049564,86.96462387421384,97.10712503359402
CC(=O)OC1=CC=CC=C1C(=O)O,120,10.054951592169331,8.65363551413946,11.350078498460801,94.91175573729855,107.29585782525753,85.27246532719278
CCO,483,11.596262339719877,9.040974186010027,14.407433657702217,94.04526915101633,98.43116679710862,82.04494574123235
C1=CC=CC=C1,225,6.115106354536231,8.876606604858413,8.763991632208736,96.65358857271691,91.61598691750923,80.9919513174276
C,316,12.50036492409256,9.55836249952516,6.05172911037249,93.74720727911263,92.11493148235539,99.6933949106263
O=C=O,143,11.468568539663494,5.788517266562825,6.047947498652321,95.30789503079168,114.06306819078452,82.77605190205718
CC(=O)OC1=CC=CC=C1C(=O)O,328,14.74726706967318,12.231581500550332,6.739988722952988,88.91853271684839,93.26058446276302,84.67278313179311
CCO,484,12.71447786281615,8.781954732509735,12.3994912205407,86.14621886490659,114.18161093734884,95.57355013813977
C1=CC=CC=C1,239,7.64517448389541,7.1088973915342,9.565763876434023,85.0661229446759,95.36669138734484,81.10839053873156
C,298,6.456761581830107,6.483577874538005,5.77136919818191,85.2699914259421,102.83484723951892,90.10325450981405
O=C=O,13,13.475632471804467,11.682667681242117,12.520234879813954,86.68240366028701,96.74653370901372,85.45207751847472
CC(=O)OC1=CC=CC=C1C(=O)O,408,13.833147123393557,6.418023618251116,14.568526002106431,87.19579947227477,110.18281884912565,90.32272588619097
CCO,44,7.398157619002928,5.595167185122963,7.859403872344154,85.73149187462404,106.40977579157216,96.5043133759961
C1=CC=CC=C1,252,10.9684479468833,12.38633968026601,6.825010802528073,94.82037725978206,89.2755674494735,83.9065498227049
C,79,5.80409683667723,5.311534987954619,11.880529580503534,95.09725919543565,119.66050773102101,90.69745547620974
O=C=O,239,14.972487508631167,11.321573332183107,14.487907921705622,94.13807812380928,95.66808497117933,99.73616107526418
CC(=O)OC1=CC=CC=C1C(=O)O,68,14.035795218810064,8.275485300446146,6.035527796915123,98.22924399569857,103.94532854235197,95.30262204995672
CCO,378,8.898863901754549,7.482587624958836,10.916934635788817,84.03717203442311,119.85688843969788,87.42193281003014
C1=CC=CC=C1,196,13.147355730460113,10.590665596082903,8.65037968716903,94.2155064029244,91.56436636460508,95.28665468035281
C,532,11.825148013391097,7.9375137866401815,7.580071105011161,80.70672274219245,87.81493589427309,99.29459033686847
O=C=O,145,12.609689882377586,13.254295753749371,10.496806051119204,81.35512190152716,108.76922394531721,83.50763744271218
CC(=O)OC1=CC=CC=C1C(=O)O,279,11.249133184060106,13.989905304535013,14.866039032546185,96.93252328550179,101.52937349365087,97.3351057855813
CCO,401,12.011661354979235,14.296444817977504,13.0286120509715,86.85420245996325,105.8047105692256,87.61787053256786
C1=CC=CC=C1,307,11.092470381700245,7.04168463034747,8.172947524487276,93.78961534363967,108.45537242176984,85.98158427552862
C,478,14.710597839950832,9.985038658713774,14.456550158949714,95.70141495702296,95.48085884610629,97.96269711538179
O=C=O,320,8.934519379367735,13.364040728235679,14.511537622190481,96.5854891295661,102.99296701203991,88.18794095556875
CC(=O)OC1=CC=CC=C1C(=O)O,326,14.432816262092365,10.38821160271197,10.918947157817806,87.99274133403912,91.43429540425512,87.37830420183963
CCO,89,10.413995120606323,14.757690612657946,11.621288634352817,94.9849173409479,119.38163537387155,83.20959318810635
C1=CC=CC=C1,287,9.865602994229866,8.853565398645733,10.310553247526103,97.67694164389991,84.36815111847864,96.43908878939291
C,312,9.448985928718216,9.110353604482196,7.543065870983301,88.4189195612624,90.81508773089911,82.35354062323727
O=C=O,513,8.71449728886139,11.628473678592739,11.72883316151114,84.91423142664559,119.75177015700953,89.38221402092775
CC(=O)OC1=CC=CC=C1C(=O)O,3,8.55639992358342,7.637410239138857,10.332986753465422,83.95062561736941,96.66159114187435,86.73584879917176
CCO,479,13.850993172515246,8.689520016226275,5.039090849082638,91.08916137767417,95.61434936849399,81.8893346691642
C1=CC=CC=C1,132,6.165053021476331,5.327483055560823,7.491028235042574,96.3641044533918,89.59100664852187,84.08134825374489
C,221,14.779161490607862,8.832154345753494,5.342271729470969,82.53886725329436,101.63641908772658,80.7541518067761
O=C=O,103,6.286626999200086,10.411612167276795,12.879211041221515,90.68084771137451,95.78965395333466,88.85878616938584
CC(=O)OC1=CC=CC=C1C(=O)O,431,14.064859605417421,6.363502426929229,13.729248071912068,86.44216653053998,104.42261753455466,95.42971788223767
CCO,449,7.672633438494897,12.528631873533572,12.282976804434444,85.04462749867275,112.29009348825656,80.77280163689521
C1=CC=CC=C1,26,6.556424637316596,9.945735903562825,12.841517928665942,93.15639329458519,115.69390384020225,91.7659911861779
C,407,7.748246542393845,14.27368127919183,11.264587976841426,83.24584696974875,98.78306010628305,91.17571771697223
O=C=O,21,13.880270382416107,7.574370983331553,11.482838316627372,86.8226458915519,83.99205169411064,85.17060887820249
CC(=O)OC1=CC=CC=C1C(=O)O,53,9.226308425878157,11.847715014577611,5.738577517625501,89.98704011662606,83.03397895326785,85.64617706918735
CCO,68,5.227247517572736,6.652700117657483,11.752831188336717,83.92522835193112,115.14130416061953,80.14221925162765
C1=CC=CC=C1,241,6.422556330773049,5.839139320215541,10.189223403285881,88.62382576277165,115.75589415692104,93.83385645237125
C,388,8.525810280670825,6.7839175941677,7.781490346872435,85.94010673494874,108.07842181165668,99.22918933726754
O=C=O,531,12.036006689536517,14.01185092504294,5.099029765822812,92.22179008349865,83.84529916807459,98.38402131854745
CC(=O)OC1=CC=CC=C1C(=O)O,212,12.656490073324708,6.930272449538961,14.943004806554306,97.31920727700503,81.49223809110009,93.89766149492196
CCO,427,9.393366729107745,11.914812799794952,13.49838796288629,86.93895858350045,116.11772398175015,92.00544416775216
C1=CC=CC=C1,150,12.097622444162157,11.832293547654738,13.32609131037546,97.57976948921554,90.74157105402209,93.13181801997908
C,137,7.236267382960774,12.25199508209063,9.395177377414123,92.24569871568609,117.92838872495885,90.39348204508435
O=C=O,258,11.094641463264267,13.691532712568968,5.438563025089972,96.93912621403071,103.96979125151918,80.05941019086987
CC(=O)OC1=CC=CC=C1C(=O)O,176,11.626296809245764,7.658961992136114,7.472913056096089,85.47114973659926,111.41309426762487,94.65972804650997
CCO,55,7.15409585858742,8.345166022462475,8.565487582968935,99.57825892726342,107.47330869162965,89.36376709789316
C1=CC=CC=C1,220,6.959051881999935,13.515408097474221,13.673909824918985,98.39943654359342,101.55938615425683,82.08616811813764
C,404,11.586926514703404,14.579403344391839,5.972787093723532,94.22064939527255,97.62526233984859,83.7254813178503
O=C=O,37,14.347512681162588,9.714899561530228,6.503948839381816,86.39613647215491,105.89249544859288,93.8503995121995
CC(=O)OC1=CC=CC=C1C(=O)O,383,5.316063970947949,11.470891933613256,10.330755776187784,82.84837436043435,102.30793184525898,90.4819051297402
CCO,330,11.461209957947156,5.871361067579387,8.751267903902818,94.55265399082639,117.15066361180824,97.97848141415872
C1=CC=CC=C1,34,13.319839582965248,9.189839920022676,6.140824842122515,80.10693249587042,90.20506710799405,91.43372367169067
C,127,12.51830508987219,7.586234491961827,14.809042909541962,93.64450636011084,82.23509753836375,96.53394791966542
O=C=O,524,10.851144456337781,10.353368383889682,12.381089871782917,85.36975462764286,85.87394776957237,83.92310246382836
CC(=O)OC1=CC=CC=C1C(=O)O,408,10.689552666413068,10.040102380121954,11.00504576539577,92.91107184632484,86.64963771025045,85.27610489803104
CCO,138,13.393368005104541,5.501801438342543,14.368296897213527,86.62166138529116,81.37710002136929,92.08309101805412
C1=CC=CC=C1,117,9.689569112437722,8.834654522507392,10.21713192099856,96.78145624757013,101.1186650287336,99.75715724040853
C,90,6.7607152750284705,11.899147892640299,11.80882944067524,96.32520812216009,107.00086858641315,92.27063149395558
O=C=O,91,8.444312397762499,14.046463744929024,11.619611903982026,85.35863759883495,94.69741051971259,89.31565336448648
CC(=O)OC1=CC=CC=C1C(=O)O,46,12.782103108752107,6.352306058156115,8.238286579663095,99.99212708627728,106.81522274379321,95.97804612065731
CCO,71,6.395103330242416,9.220254609713928,12.372704039382594,88.88283637801243,80.57856517275881,86.84086544569864
C1=CC=CC=C1,322,13.173285981916813,11.588289840692338,11.221762254064728,85.40991446151547,113.47927453061834,83.34459766234123
C,489,9.16624137669696,11.006546299520865,14.483448281043804,93.16607245232936,117.469016342795,91.81324592866154
O=C=O,319,11.947113489082216,6.766546747057336,8.028705466861057,83.84512444556064,96.77689038367001,96.49100811256575
CC(=O)OC1=CC=CC=C1C(=O)O,448,9.224044735318081,9.3648534107375,14.452341556553014,93.82989507847552,87.91807975907359,97.85932365117166
CCO,219,9.548427079808313,12.870261971650574,8.659843716309677,81.49535405087538,82.9746877999846,89.20891627035175
C1=CC=CC=C1,185,7.594221001748536,10.195666546320751,9.899254881038583,88.22803542792296,97.03628822797457,86.91722643067119
C,178,11.783948147038284,6.329397800577481,7.420514980038128,97.65834337969571,109.78436599665504,95.66973370063448
O=C=O,267,14.275820459711655,9.140016526250706,10.091729723740876,83.55846928458325,97.7420683913922,93.80379976996261
CC(=O)OC1=CC=CC=C1C(=O)O,298,11.53456815962177,12.226027913169744,10.567256581848511,83.6061518547441,116.41955866051728,85.78418781332822
CCO,188,7.952769092583304,5.030429888782825,10.467027889169238,94.16679569321954,106.15679599060569,81.90376717149012
C1=CC=CC=C1,270,9.647570677066359,10.155548504107909,14.759337363733472,80.43728372874304,100.29441587864993,98.40228201058504
C,490,10.531205746540051,13.437037809910425,13.805556745484877,96.94666200086255,118.90050888667103,82.88798817749442
O=C=O,248,10.193792391750623,12.129660479651243,13.900845402304384,94.42414655192734,96.36519369383588,93.62333184304639
CC(=O)OC1=CC=CC=C1C(=O)O,332,10.737668176689997,6.4408859120887225,12.589667667775355,99.264142146764,91.97130238026602,91.0052478374342
CCO,275,6.308694679489414,8.506517609370295,12.640463960054078,87.96882872715197,87.10445924459754,93.10860662625167
C1=CC=CC=C1,380,7.483453917036349,6.118523093233148,7.382445934062771,80.33909578305592,89.98939407728128,92.48553098887541
C,32,6.521865055116298,8.184710349220994,9.61666410742616,91.5276823425923,112.49901911335799,85.2859770083878
O=C=O,411,12.010325505237553,8.738441389003196,7.244406110073394,81.43630970606534,97.27438782776342,89.16475503611295
CC(=O)OC1=CC=CC=C1C(=O)O,27,12.190960039738963,13.981371376441862,5.371250377312881,95.56308448318116,118.7592664277102,88.78459797952297
CCO,208,8.873958988233674,11.51975307600735,14.31650475429473,92.83611673237903,118.55675426430642,80.46837810387575
C1=CC=CC=C1,35,10.972375537610851,13.826218395004995,10.999083900911076,84.06394890934794,86.375817945099,80.96757970795763
C,298,5.332241047442915,8.150458366193527,11.354754214168251,94.59011976079616,110.93857884026195,98.82965634438506
O=C=O,157,9.956128239530507,12.876305464869052,5.3987974445964575,96.42564869381005,84.07578931977433,98.58076887843836
CC(=O)OC1=CC=CC=C1C(=O)O,463,10.470100715899635,11.792854498342784,14.193048017917636,87.53415490387128,116.30886643277971,92.28872532737242
CCO,520,11.815239898565759,7.809920957515919,8.733749414961434,81.83845658005086,116.41459604903548,82.52131657677833
C1=CC=CC=C1,293,8.382647379305109,7.940886625700635,5.412243274471333,84.18629037549371,109.72445556457254,97.57443710098086
C,249,7.892099738117098,5.96491301645719,13.626962011034326,92.95400046287348,94.52564144513418,91.54422959955745
O=C=O,181,11.124958395842825,8.002273028127188,10.438027459497864,96.23523823198101,118.9227547410334,97.14918228752902
CC(=O)OC1=CC=CC=C1C(=O)O,529,5.811289193347649,10.4455098525182,9.663002927563292,96.34492916384941,100.0551417943231,83.48327232786922
CCO,59,13.71023645648112,5.48165758259604,12.351656425517744,86.51050086994867,90.8915598913228,83.89525972612486
C1=CC=CC=C1,23,12.167760484685171,11.105242670829805,8.050463405579592,91.89296359956526,118.77400292920986,88.129488902359
C,176,10.854665576567875,12.07378401707163,5.549708905561243,91.61080033401623,90.50193850973409,98.94871473873005
O=C=O,421,11.714437847207599,5.165512723544313,10.323442447566793,98.05185140941012,119.08520004462873,86.99602094483858
CC(=O)OC1=CC=CC=C1C(=O)O,8,11.65055012487493,7.91721742533529,14.265567697789347,90.57412572713208,93.4554902758193,92.97170330337136
CCO,281,11.026441679313066,9.001193635828283,11.322355775512744,81.91027623617072,118.86487968791083,99.51337772980678
C1=CC=CC=C1,168,5.386212358012864,10.135178071088275,10.631462870578897,95.28570518197407,84.2509177010622,80.04393626889372
C,347,10.883551149047802,6.129453900051747,8.23923405849214,80.39062751494379,86.42267222561368,91.0634008846284
O=C=O,270,12.599948881156923,10.466780084604654,14.632073850297427,81.2238585421872,117.52720987168594,84.46013144452672
CC(=O)OC1=CC=CC=C1C(=O)O,325,9.658218688823107,7.212990878078754,6.265267352548919,97.14894047683724,111.03919784711789,98.82007668060939
CCO,512,9.895202734662956,5.986368918902427,7.89791065499189,82.4593961296443,90.40975274447152,80.99403079812875
C1=CC=CC=C1,214,8.622415905992106,7.565968271223503,7.484268263451788,89.94543176543985,92.59642447554938,89.7784042350775
C,370,5.105061537499149,8.965086010268612,5.881669044585797,92.29039675316359,89.42805294131358,88.97451737963654
O=C=O,427,7.916030451664861,5.723488526543175,13.111250761984758,83.4365017940491,96.87371774972287,93.39285093270833
CC(=O)OC1=CC=CC=C1C(=O)O,160,5.251697725158001,5.100022219117389,5.478935424462178,90.13601066447976,86.57785315005859,94.69957904405632
CCO,278,10.349684794718417,14.878336775183337,13.225388765274932,91.83249721038005,111.71856195500064,83.69246289935505
C1=CC=CC=C1,436,10.147345011919548,11.262751497948418,12.067880869349086,82.12054140337271,117.44448983991477,99.4882030213517
C,372,6.984994843053702,5.938734917711654,14.709074824061716,84.59565989938139,117.19270717596739,91.45592025772628
O=C=O,377,7.902261429932206,9.030208428992061,12.126946927852076,85.11975165024222,117.78637231655664,91.12739948989305
CC(=O)OC1=CC=CC=C1C(=O)O,442,14.422645966581488,14.594011612703607,7.925041409647145,84.96840190623614,113.60893847977962,85.80777620809951
CCO,123,9.05257351475154,5.935680702228124,10.896811933712838,98.23445487866354,96.57612246044677,89.03893241716662
C1=CC=CC=C1,27,7.114620355883366,11.101599151920372,12.290071927848796,93.28118603570005,110.83874326680956,82.59628968294068
C,48,10.02580767952007,7.65841523909009,7.428620267047236,90.66537281866148,115.23903354300937,87.69815187179654
O=C=O,113,13.589781504732994,13.234193948267961,9.872889320136299,89.65165044816362,94.81314217070566,90.21641101603663
CC(=O)OC1=CC=CC=C1C(=O)O,227,13.479586995544675,7.303394143265231,12.103816300870541,92.19425981260645,93.16758668380992,92.82791578955018
CCO,186,14.189752291110274,13.83418195174073,9.369695863171446,83.51219469227293,118.70170017710876,81.62455608289558
C1=CC=CC=C1,52,6.787765571189093,12.566819198349746,7.912424926544412,85.59825729930832,119.63269655383198,82.03298145048802
C,161,14.930658783926017,10.310462635368976,14.570772766120626,93.85159261691565,111.98397110431377,99.28546624208931
O=C=O,300,9.596523579334535,7.454046994502626,14.496116387516755,86.5824402275675,100.91107744926614,83.84376552928062
CC(=O)OC1=CC=CC=C1C(=O)O,384,10.091882146320062,14.84052963152523,8.936212268773717,89.52483120164044,89.46432908794779,90.44187884986135
CCO,491,6.059375798087705,7.915028515454102,11.778827305626777,93.01853945855338,85.61190526662807,94.58751529477229
C1=CC=CC=C1,166,14.930868135808506,12.710224476433513,8.443924710174498,92.97768697893619,118.68781943615194,83.54393463416737
C,9,13.93738937651386,14.46587521031813,6.542494093461988,83.81787262774253,116.52243003026663,88.39812779288708
O=C=O,185,10.170330752249336,5.865454683176349,6.657415201083833,96.24104484034585,117.22282144495338,84.86047639173438
CC(=O)OC1=CC=CC=C1C(=O)O,31,9.128601250126906,5.470102618728045,6.377900232845962,84.82052344333962,96.52691109066414,91.02045337339469
CCO,245,13.252129132070134,12.318209667825165,13.268633553569467,88.68876196266952,92.65149611175194,87.66758910813554
C1=CC=CC=C1,38,14.262136366359664,5.535208762989432,5.329532728503251,84.03626043022624,86.54719515433574,98.28132163585455
C,206,7.993177946823776,5.002837687873702,7.908908014327384,91.35513614881688,93.57414257166204,96.9002785454554
O=C=O,23,8.269241759499721,7.956228947137985,8.093412893469875,92.41651844423541,112.18411843520353,88.11555223102694
CC(=O)OC1=CC=CC=C1C(=O)O,305,14.30869626081019,5.43071389371989,7.167466238107209,94.29636950425977,90.09034711998054,87.90738904548788
CCO,194,11.598426090186127,11.181205443102572,7.290763895557756,93.18832447308101,89.09231599693894,96.36175930199263
C1=CC=CC=C1,216,14.387493437876792,14.075124539717912,5.892086504284567,93.40603005578762,85.03467750077795,86.11870871645645
C,31,8.469786639487674,13.794870335654194,6.125028648128431,83.51402889588977,82.54240833347927,86.98360383521975
O=C=O,174,11.097084043664955,14.538876406449628,7.3863260020974595,86.52260654083116,103.89347563102409,80.40608537200447
CC(=O)OC1=CC=CC=C1C(=O)O,331,11.875624985369232,12.284862516382187,8.679580944436402,86.8801185881936,83.29884363178745,81.16533247607897
CCO,25,11.317775082597496,12.216303401803547,6.983076358896426,85.36071305904744,85.31968534876259,98.78355684735286
C1=CC=CC=C1,234,11.963689580254709,13.712818821830624,9.591481070797176,98.74487301537071,87.45148124468774,83.52699670392643
C,229,6.807902313309018,14.538292972381676,12.831067724282505,89.65686526125786,81.40058962611168,94.67298527494552
O=C=O,511,11.559292134495564,6.541208744001041,8.63385907289622,88.37590303965011,104.35663395272795,86.29207683034473
CC(=O)OC1=CC=CC=C1C(=O)O,295,6.9512664051235085,7.414907446201932,7.39153343480087,96.81247180318147,100.5215362948565,82.45577705079945
CCO,196,10.326996934567129,14.499064432621942,13.011845684888542,88.874159164316,99.09546496749695,99.27032610023923
C1=CC=CC=C1,29,14.805951560192717,7.7012801852385735,13.271075547277542,85.09777615059076,100.88797965987203,84.71832035014206
C,375,12.267036741857675,8.264000443668646,10.86992678062256,97.85874639486416,83.68092514534332,89.12763680462444
O=C=O,299,8.826891126390496,7.62115662410949,14.712390563890086,95.74174675965125,82.01950424377078,89.27563465330903
CC(=O)OC1=CC=CC=C1C(=O)O,210,7.199032069408048,12.209647646240679,10.136252145983116,86.03952629761945,112.67716908193584,81.91359168246046
CCO,476,6.240309349496396,10.8107317669896,12.919532218928836,91.11658025109443,87.48961467747701,89.01447518796594
C1=CC=CC=C1,281,7.979057213207776,6.8421879551085505,8.859294797710577,82.72991526658198,102.50906202733242,92.11386496939193
C,75,11.307112354405833,12.129302892185656,12.202361170248592,95.93272774832933,97.62913862154865,92.38450257359388
O=C=O,60,13.902486025664057,10.272104865824774,9.31193478227811,93.01608793092245,103.2873161372282,84.53243221940122
CC(=O)OC1=CC=CC=C1C(=O)O,394,11.110118154911516,12.147287985500686,13.763668940754863,99.73767407859722,92.57622203764998,93.82554618536987
CCO,214,7.7592622680349415,13.367668553254848,5.522146189092317,96.7526475239711,115.51393258345436,82.36525129606659
C1=CC=CC=C1,387,5.551562237617851,7.4968008886260975,9.593164278508757,85.09011725235693,118.64248268056798,94.01540178526257
C,239,13.325963653237089,13.842493810732227,5.899993250873062,97.35899634478947,102.32363053518706,85.32941149348026
O=C=O,149,12.167244999439053,12.718935095699806,10.862845942505396,82.98813249972976,85.64940900017352,88.8823185807276
CC(=O)OC1=CC=CC=C1C(=O)O,251,9.392112892494513,11.649776838910752,10.141096881872055,87.29016225776492,114.10360611267821,96.77577132049983
CCO,129,12.63391812347433,11.88669747318643,10.821145865348804,82.60253216812309,96.12012521540495,99.65306100175242
C1=CC=CC=C1,430,8.90233176484257,6.079465530325514,6.765208733141207,92.17272377883087,89.27074603476598,96.5035736548193
C,300,14.417238719933161,8.55283757572995,10.817376990945585,86.64682000380483,103.82596423566687,93.69858058544784
O=C=O,252,11.717170208398208,9.61312811070525,8.662370824322544,97.94253129125228,84.54722090838831,89.11260769342381
CC(=O)OC1=CC=CC=C1C(=O)O,272,14.890765689256625,5.4284005738249475,8.783624246873902,94.58824422793836,108.33844288450435,88.68525978436149
CCO,95,12.30023370488669,11.83875937928069,7.668551267144038,85.20315137105146,90.7228364884551,80.4523732006173
C1=CC=CC=C1,19,6.9622456004777336,13.920912715497881,7.570905821311868,91.61702822462235,89.62882451457536,97.30222207309986
C,183,9.51025729826609,6.756147270156721,13.864263242350326,89.68850410840872,92.30141015534468,91.11924016516826
O=C=O,132,14.550125146143904,7.592026294457687,14.799397517773523,99.01046501428898,89.50770336454947,85.82081684062796
CC(=O)OC1=CC=CC=C1C(=O)O,111,14.85274012769638,7.834493940463229,7.396014523708352,86.39255432423649,94.62966188096475,95.08612584932975
CCO,368,9.459373854721434,9.282711654007413,5.552620084873583,96.28966987156541,88.96240920134017,91.80579195365816
C1=CC=CC=C1,52,12.467458592856126,5.533621055116739,11.84089750600187,90.01050496574975,96.598057676323,87.69524143038866
C,279,11.598035411586839,6.721540151738248,12.294204196138107,90.82818762004852,95.12821104185102,94.87928825108199
O=C=O,112,7.032555286111388,6.380826278638051,12.834955669953526,86.65547431821261,95.1696150574313,89.46075408262497
CC(=O)OC1=CC=CC=C1C(=O)O,117,8.37856806177425,7.041180784510779,10.576031351525737,88.70457765627059,110.11863315632144,95.88056814479265
CCO,503,9.01724364559379,14.413214265858386,6.987589650418116,81.06830135950484,119.76289052633203,82.19546827614869
C1=CC=CC=C1,176,5.411126879595445,6.330082449570461,6.5312294482494195,96.82937557750607,96.66527788284884,94.32730200757949
C,336,11.356335935768847,14.965870628198248,9.001748321980314,90.22837688479844,86.13029039176561,97.16348351719607
O=C=O,484,10.899268111060659,7.482732007647926,10.193383686523202,91.23857386453678,89.5893543198807,88.81801693470003
CC(=O)OC1=CC=CC=C1C(=O)O,292,6.132721541837687,14.821850052074167,9.004585638446553,85.44287652440637,101.08149947754315,91.59748881399999
CCO,93,14.6155965282108,6.026676862742898,11.12377470874612,98.40637821663849,88.25564185203952,93.8542149009256
C1=CC=CC=C1,174,9.870410801160496,13.416960854785286,10.553489005231558,86.06583092458332,108.72203444899043,93.7809286259062
C,166,13.113052276034704,8.46978603257859,14.171423394003815,82.15178041619635,97.81860460901738,98.32614372629823
O=C=O,125,6.820370459733709,9.556715665190827,7.374191845802298,89.82532213773713,92.89626710650273,87.25025240702435
CC(=O)OC1=CC=CC=C1C(=O)O,143,5.963934693857861,9.675874124690157,12.892727320271948,96.35520107693125,101.74127936994805,85.2846388636436
CCO,395,9.51676479062966,5.067750529459963,12.667640021348692,89.70271266903326,105.32591850898494,99.47491071451735
C1=CC=CC=C1,423,5.18337635221496,9.278893413432748,10.155580929956571,81.20457176660452,88.51482149432621,95.47724982736948
C,264,7.71331589043832,5.452904448417274,7.726286561322819,89.86344444057394,85.82059399607827,98.23213551706056
O=C=O,234,12.384498396275466,14.01277232446705,12.7791630612805,80.32390831202228,94.35011871478315,91.73637560197416
CC(=O)OC1=CC=CC=C1C(=O)O,39,12.897070703504172,9.789656801208046,7.929279493185152,82.39749428225039,87.9390615093059,82.869113507556
CCO,35,6.554628185383628,6.195427145428435,5.196801552091675,87.04108511375104,82.14832191708341,90.23837650039843
C1=CC=CC=C1,458,9.578195542660513,7.024517263076979,9.024072528519374,98.70996936284416,111.52569108835935,85.46362878479609
C,32,9.728573620884356,13.65377421699081,9.82740150833753,90.2227470921102,108.04758217921133,98.98998304626807
O=C=O,43,9.748998833145402,8.388913010304881,10.926522510353742,91.40445926465895,113.37393577444054,99.59189479103561
CC(=O)OC1=CC=CC=C1C(=O)O,109,9.165476639382412,14.146633964840326,5.452031979423166,86.28945469310636,105.36251509717606,87.17063194186437
CCO,486,8.113629628732093,11.83312799524911,6.271940740829905,97.22326527603613,107.18431939675449,88.21787900284576
C1=CC=CC=C1,118,5.948143346144903,8.430294528362868,11.44991606492746,90.02537612363574,94.8319723981501,88.94844381291678
C,15,8.301490477869622,9.848873611505601,7.185601379410906,98.49253958824755,113.10678139856545,92.64522953854367
O=C=O,390,13.82270212066828,5.214504312923838,10.623710668005451,82.74861832745157,114.4746082599656,82.04795728076085
CC(=O)OC1=CC=CC=C1C(=O)O,515,7.907121624067495,12.483993162819207,9.883344058491623,97.50053813184506,102.99515389079085,89.55627764066998
CCO,76,14.529242305789792,10.534496462353031,10.45413527047126,92.35375644093249,85.231649346616,83.08871940780054
C1=CC=CC=C1,187,8.826092960999274,14.12918155172113,11.234003328220027,88.63288527150127,97.83217132146257,97.60597232917188
C,60,11.0564575837249,12.341536209926048,9.727984522814046,87.80286325003806,82.23577799303189,85.80352832136194
O=C=O,210,9.453630347797471,7.290857566220814,6.229434477150089,82.1354318855967,97.70316577884401,91.06099527123216
CC(=O)OC1=CC=CC=C1C(=O)O,162,8.313417902475408,5.769336978688022,9.007939717345838,92.06947633871503,115.15898636530208,80.91592131050648
CCO,414,9.537886636180245,7.955316960105564,11.517585170845523,85.38535551098619,95.91363505953112,81.60184499550269
C1=CC=CC=C1,61,14.275601623995374,12.827767536520437,10.63931956230664,90.80230724469622,91.62414593612858,89.25137223969473
C,112,9.490010305028907,14.194143573693896,10.979518051062417,83.97145375193234,103.40674518243436,81.8605263772877
O=C=O,527,6.67418296401642,11.124946477391429,7.9756703351852245,92.9734603911659,93.91360784778553,83.54463017481409
